,Live Spectrum 8/25/2018 8:46:44 PM,
Wavelength [nm],Intensity,
222.167,107.54,
222.599,121.13,
223.031,113.48,
223.464,106.73,
223.896,108.97,
224.328,115.56,
224.761,116.45,
225.193,121.19,
225.625,121.6,
226.058,119.32,
226.490,120.94,
226.922,117.63,
227.355,106.87,
227.787,103.69,
228.219,107.89,
228.652,114.59,
229.084,132.65,
229.516,142.9,
229.949,141.36,
230.381,136.22,
230.813,136.61,
231.246,141.53,
231.678,131.97,
232.110,131.91,
232.543,137.47,
232.975,137.25,
233.407,111.9,
233.840,117.51,
234.272,116.67,
234.704,116.82,
235.136,119,
235.569,110.51,
236.001,111.48,
236.433,117.83,
236.866,122.36,
237.298,125.77,
237.730,134.52,
238.163,136.55,
238.595,139.42,
239.027,133.16,
239.460,124.04,
239.892,122.83,
240.324,118.7,
240.757,125.55,
241.189,133.83,
241.621,139.09,
242.054,136.91,
242.486,118.6,
242.918,119.71,
243.351,127.03,
243.783,131.95,
244.215,131.47,
244.648,130.74,
245.080,139.01,
245.512,136.55,
245.945,127.57,
246.377,121.27,
246.809,128.01,
247.242,131.02,
247.674,141.33,
248.106,142.27,
248.539,134.16,
248.971,123.06,
249.403,111.04,
249.836,113.49,
250.268,121.9,
250.700,131.54,
251.133,136.65,
251.565,129.01,
251.997,131.38,
252.430,131.13,
252.862,132.09,
253.294,135.27,
253.727,137.34,
254.159,115.21,
254.591,118.46,
255.024,128.92,
255.456,136.76,
255.888,136.36,
256.320,126.75,
256.753,130.86,
257.185,140.77,
257.617,144.2,
258.050,136.39,
258.482,124.65,
258.914,127.01,
259.347,127.92,
259.779,127.28,
260.211,126.34,
260.644,128.04,
261.076,142.23,
261.508,128.94,
261.941,117.29,
262.373,119.49,
262.805,133.1,
263.238,132.94,
263.670,125.96,
264.102,133.95,
264.535,142.2,
264.967,143.77,
265.399,140.04,
265.832,134.56,
266.264,116.73,
266.696,114.61,
267.129,120.66,
267.561,124.5,
267.993,135.46,
268.426,139.14,
268.858,137.94,
269.290,134.61,
269.723,129,
270.155,119.5,
270.587,118.93,
271.020,127.07,
271.452,123.74,
271.884,118.59,
272.317,121.84,
272.749,122.41,
273.181,127.08,
273.614,131.19,
274.046,132.35,
274.478,133.16,
274.911,138.36,
275.343,137.46,
275.775,135.01,
276.208,134.19,
276.640,136.07,
277.072,139.72,
277.504,141.61,
277.937,142.85,
278.369,143.51,
278.801,131.75,
279.234,118.36,
279.666,121.52,
280.098,120.45,
280.531,133,
280.963,142.78,
281.395,143.9,
281.828,137.06,
282.260,129.67,
282.692,130.99,
283.125,125.69,
283.557,127.65,
283.989,136.99,
284.422,147.08,
284.854,149.13,
285.286,149.94,
285.719,147.78,
286.151,140.28,
286.583,133.85,
287.016,138.81,
287.448,144,
287.880,130.97,
288.313,130.93,
288.745,136.31,
289.177,139.74,
289.610,146.06,
290.042,134.35,
290.474,122.51,
290.907,119.36,
291.339,122.72,
291.771,127.47,
292.204,133.99,
292.636,134.87,
293.068,136.65,
293.501,136.04,
293.933,136.8,
294.365,142.95,
294.798,131.97,
295.230,136.77,
295.662,141.44,
296.095,147.89,
296.527,153.51,
296.959,149.38,
297.392,139.38,
297.824,146.64,
298.256,145.15,
298.688,132.91,
299.121,119.5,
299.553,121.11,
299.985,124.5,
300.418,138.18,
300.850,143.99,
301.282,142.68,
301.715,141.15,
302.147,141.23,
302.579,140.83,
303.012,138.81,
303.444,132.56,
303.876,125.6,
304.309,124.99,
304.741,138.25,
305.173,140.98,
305.606,141.29,
306.038,140.11,
306.470,137.05,
306.903,132.52,
307.335,134.02,
307.767,125.5,
308.200,123.61,
308.632,128.22,
309.064,132.94,
309.497,132.68,
309.929,152.37,
310.361,162.19,
310.794,155.81,
311.226,143.21,
311.658,130.68,
312.091,117.97,
312.523,111.48,
312.955,117.65,
313.388,126.27,
313.820,136.77,
314.252,141.92,
314.685,129.94,
315.117,129.94,
315.549,138.03,
315.982,145.31,
316.414,143.15,
316.846,135.58,
317.279,138.5,
317.711,139.33,
318.143,144.53,
318.576,148.45,
319.008,146.61,
319.440,141.25,
319.872,141.82,
320.305,153.66,
320.737,161.12,
321.169,163.39,
321.602,166.07,
322.034,167.14,
322.466,157.88,
322.899,160.89,
323.331,157.47,
323.763,149.2,
324.196,147.31,
324.628,153.87,
325.060,158.54,
325.493,148.09,
325.925,146.44,
326.357,143.3,
326.790,146.44,
327.222,151.43,
327.654,145.29,
328.087,144.04,
328.519,147.94,
328.951,161.74,
329.384,166.21,
329.816,163.27,
330.248,166.28,
330.681,155.9,
331.113,145.59,
331.545,139.32,
331.978,142.94,
332.410,149.02,
332.842,149.12,
333.275,156.58,
333.707,158.05,
334.139,156.03,
334.572,157.13,
335.004,162.74,
335.436,167.88,
335.869,161.27,
336.301,146.25,
336.733,141.7,
337.166,144.46,
337.598,148.83,
338.030,152.17,
338.463,157.81,
338.895,168.65,
339.327,161.03,
339.760,159.28,
340.192,158.04,
340.624,157.63,
341.056,166.2,
341.489,164.1,
341.921,166.58,
342.353,164.62,
342.786,163.03,
343.218,161.21,
343.650,155.21,
344.083,146.2,
344.515,139.59,
344.947,141.44,
345.380,147.27,
345.812,154.97,
346.244,162.79,
346.677,167.66,
347.109,170.36,
347.541,163.35,
347.974,160.88,
348.406,158.63,
348.838,151.51,
349.271,139.79,
349.703,128.06,
350.135,136.26,
350.568,148.73,
351.000,161.25,
351.432,173.1,
351.865,180.66,
352.297,169.83,
352.729,168.99,
353.162,149.51,
353.594,135.74,
354.026,136.94,
354.459,147.56,
354.891,152.5,
355.323,150.98,
355.756,146.47,
356.188,145.14,
356.620,147.02,
357.053,151.92,
357.485,158.28,
357.917,159.63,
358.350,142.25,
358.782,138.48,
359.214,131.95,
359.647,124.92,
360.079,126.16,
360.511,139.56,
360.944,147.36,
361.376,165.06,
361.808,166,
362.240,165.65,
362.673,163.82,
363.105,155.07,
363.537,156.51,
363.970,142.77,
364.402,144.09,
364.834,151.13,
365.267,157.58,
365.699,159.82,
366.131,156.6,
366.564,147.51,
366.996,152.11,
367.428,145.08,
367.861,144.93,
368.293,153.04,
368.725,162.55,
369.158,170.47,
369.590,160.09,
370.022,160.15,
370.455,154.78,
370.887,157.71,
371.319,167.76,
371.752,168.34,
372.184,146.18,
372.616,149.76,
373.049,160.39,
373.481,157.6,
373.913,150.38,
374.346,149.79,
374.778,155.39,
375.210,153.69,
375.643,150,
376.075,156.49,
376.507,168.11,
376.940,177.06,
377.372,180.83,
377.804,183.44,
378.237,177.72,
378.669,186.89,
379.101,190.31,
379.534,185.9,
379.966,178.53,
380.398,172.22,
380.831,164.45,
381.263,151.63,
381.695,161.05,
382.128,165.84,
382.560,170.95,
382.992,172.35,
383.424,169.04,
383.857,180.05,
384.289,190.75,
384.721,201.52,
385.154,187.96,
385.586,178.63,
386.018,182.29,
386.451,187.85,
386.883,189.25,
387.315,189.51,
387.748,191.65,
388.180,189.1,
388.612,183.53,
389.045,179.02,
389.477,177.1,
389.909,173.59,
390.342,179.34,
390.774,184.63,
391.206,198.98,
391.639,206.43,
392.071,203.67,
392.503,199.73,
392.936,200.29,
393.368,203.21,
393.800,215.87,
394.233,203.98,
394.665,193.52,
395.097,195.04,
395.530,204.84,
395.962,226.49,
396.394,240.75,
396.827,236.47,
397.259,233.63,
397.691,227.23,
398.124,218.9,
398.556,217.35,
398.988,228.87,
399.421,235.93,
399.853,242.75,
400.285,244.47,
400.718,245.63,
401.150,249.7,
401.582,254.83,
402.015,255.32,
402.447,254.37,
402.879,265.03,
403.312,273.11,
403.744,275.07,
404.176,282.98,
404.608,298.26,
405.041,310.21,
405.473,328.97,
405.905,335.7,
406.338,333.38,
406.770,337.83,
407.202,348.45,
407.635,360.6,
408.067,374.66,
408.499,398.72,
408.932,414.71,
409.364,426.04,
409.796,453.95,
410.229,476.62,
410.661,496.98,
411.093,522.19,
411.526,539.36,
411.958,550.87,
412.390,568.43,
412.823,600.87,
413.255,637.89,
413.687,677.72,
414.120,720.53,
414.552,767.06,
414.984,824.53,
415.417,883.18,
415.849,934.42,
416.281,990.97,
416.714,1047.2,
417.146,1116.8,
417.578,1201.4,
418.011,1264.2,
418.443,1320.9,
418.875,1387.8,
419.308,1454.9,
419.740,1532.7,
420.172,1634.4,
420.605,1748.8,
421.037,1849.6,
421.469,1940.4,
421.902,2090,
422.334,2233.3,
422.766,2387.1,
423.199,2533.9,
423.631,2662.4,
424.063,2781,
424.496,2915.2,
424.928,3089.5,
425.360,3277.3,
425.792,3477.9,
426.225,3659.8,
426.657,3802.7,
427.089,3949.7,
427.522,4144.4,
427.954,4354.1,
428.386,4596.9,
428.819,4821.6,
429.251,5070.1,
429.683,5341.8,
430.116,5616.5,
430.548,5871.5,
430.980,6099.5,
431.413,6323.5,
431.845,6610.4,
432.277,6825.4,
432.710,7197.4,
433.142,7575.5,
433.574,7892.9,
434.007,8161.2,
434.439,8412.7,
434.871,8685.5,
435.304,9052.3,
435.736,9401.4,
436.168,9830.6,
436.601,10228,
437.033,10537,
437.465,10804,
437.898,11118,
438.330,11482,
438.762,11803,
439.195,12218,
439.627,12526,
440.059,12861,
440.492,13265,
440.924,13579,
441.356,13650,
441.789,13760,
442.221,14040,
442.653,14469,
443.086,14822,
443.518,15102,
443.950,15297,
444.383,15455,
444.815,15682,
445.247,15996,
445.679,16217,
446.112,16239,
446.544,16368,
446.976,16667,
447.409,16854,
447.841,16873,
448.273,17005,
448.706,17405,
449.138,17683,
449.570,17598,
450.003,17399,
450.435,17186,
450.867,17139,
451.300,17231,
451.732,17281,
452.164,17178,
452.597,16838,
453.029,16384,
453.461,15931,
453.894,15513,
454.326,15167,
454.758,14947,
455.191,14799,
455.623,14563,
456.055,14251,
456.488,13975,
456.920,13643,
457.352,13165,
457.785,12681,
458.217,12211,
458.649,11794,
459.082,11480,
459.514,11187,
459.946,10915,
460.379,10618,
460.811,10329,
461.243,9964.8,
461.676,9537.6,
462.108,9160.7,
462.540,8874.5,
462.973,8567.7,
463.405,8177.2,
463.837,7862.5,
464.270,7668.6,
464.702,7423.9,
465.134,7192.2,
465.567,6943.6,
465.999,6696.5,
466.431,6499.1,
466.863,6310.5,
467.296,6081.9,
467.728,5869.3,
468.160,5702.6,
468.593,5530.7,
469.025,5361.3,
469.457,5211.3,
469.890,5100.2,
470.322,5022.5,
470.754,4921.7,
471.187,4775.8,
471.619,4676.7,
472.051,4542.5,
472.484,4369.4,
472.916,4213.2,
473.348,4098.2,
473.781,4011.5,
474.213,3921.8,
474.645,3797.3,
475.078,3666.9,
475.510,3574.4,
475.942,3497.9,
476.375,3398.4,
476.807,3318.5,
477.239,3262.8,
477.672,3206.9,
478.104,3134,
478.536,3042.3,
478.969,2956.3,
479.401,2907.1,
479.833,2861.4,
480.266,2803.6,
480.698,2759.6,
481.130,2712.9,
481.563,2646.7,
481.995,2580.2,
482.427,2543.8,
482.860,2538.8,
483.292,2510,
483.724,2458.3,
484.157,2432.3,
484.589,2434.8,
485.021,2420.1,
485.454,2387.4,
485.886,2365.1,
486.318,2344.4,
486.751,2336,
487.183,2346.1,
487.615,2348.4,
488.047,2349.9,
488.480,2358.4,
488.912,2369,
489.344,2377.1,
489.777,2380.3,
490.209,2381.1,
490.641,2397.4,
491.074,2427.2,
491.506,2423.3,
491.938,2436.9,
492.371,2456.2,
492.803,2483.5,
493.235,2512.2,
493.668,2537.4,
494.100,2569.4,
494.532,2622.4,
494.965,2674.9,
495.397,2687.9,
495.829,2698.3,
496.262,2730,
496.694,2781.9,
497.126,2856.4,
497.559,2916.3,
497.991,2954.5,
498.423,3000.3,
498.856,3033,
499.288,3061.5,
499.720,3110.5,
500.153,3182.6,
500.585,3230.4,
501.017,3287.9,
501.450,3343.1,
501.882,3388.7,
502.314,3439.2,
502.747,3504,
503.179,3568.9,
503.611,3622.6,
504.044,3683.9,
504.476,3751.8,
504.908,3808.2,
505.341,3869.7,
505.773,3926,
506.205,3978.6,
506.638,4039,
507.070,4106.1,
507.502,4170.1,
507.935,4232,
508.367,4276,
508.799,4327.6,
509.231,4378,
509.664,4415.6,
510.096,4476.2,
510.528,4551.8,
510.961,4609.8,
511.393,4650.7,
511.825,4704.4,
512.258,4771.1,
512.690,4809.9,
513.122,4820.7,
513.555,4858.8,
513.987,4921.7,
514.419,4978.9,
514.852,5012.8,
515.284,5046.4,
515.716,5096.5,
516.149,5138.9,
516.581,5180,
517.013,5204.2,
517.446,5259.7,
517.878,5315.8,
518.310,5366.6,
518.743,5399.4,
519.175,5428.4,
519.607,5470.7,
520.040,5515.5,
520.472,5546.9,
520.904,5582.9,
521.337,5622.6,
521.769,5643.1,
522.201,5689,
522.634,5742.4,
523.066,5759.1,
523.498,5776.2,
523.931,5812.6,
524.363,5847.8,
524.795,5870.9,
525.228,5894.9,
525.660,5913.3,
526.092,5920.9,
526.525,5937.7,
526.957,5990.2,
527.389,6028.5,
527.822,6042.2,
528.254,6052.3,
528.686,6065.7,
529.119,6071.3,
529.551,6078.8,
529.983,6109.5,
530.415,6140.7,
530.848,6154.2,
531.280,6177.1,
531.712,6197.6,
532.145,6184.5,
532.577,6181.1,
533.009,6187.4,
533.442,6207.6,
533.874,6228.8,
534.306,6240.6,
534.739,6245.7,
535.171,6249.7,
535.603,6275.5,
536.036,6285.4,
536.468,6281.3,
536.900,6267.9,
537.333,6270,
537.765,6302.1,
538.197,6310.6,
538.630,6310.7,
539.062,6312.8,
539.494,6312.3,
539.927,6323.3,
540.359,6333.4,
540.791,6319.4,
541.224,6321.4,
541.656,6320.4,
542.088,6309.3,
542.521,6327.4,
542.953,6362.3,
543.385,6381.3,
543.818,6372.1,
544.250,6351.6,
544.682,6336.2,
545.115,6324.3,
545.547,6311.5,
545.979,6289.7,
546.412,6303.3,
546.844,6333.5,
547.276,6344,
547.709,6362.7,
548.141,6362.4,
548.573,6357.6,
549.006,6362.9,
549.438,6362.5,
549.870,6341.8,
550.303,6317.1,
550.735,6310.5,
551.167,6321.3,
551.599,6319.2,
552.032,6306.8,
552.464,6303.3,
552.896,6308.8,
553.329,6282.9,
553.761,6248.8,
554.193,6261.6,
554.626,6303.8,
555.058,6321.6,
555.490,6298.9,
555.923,6265.5,
556.355,6265.1,
556.787,6282.5,
557.220,6290.4,
557.652,6276.2,
558.084,6246.7,
558.517,6222.5,
558.949,6220.4,
559.381,6216.8,
559.814,6196.7,
560.246,6183.9,
560.678,6186.5,
561.111,6193.6,
561.543,6203.3,
561.975,6185.7,
562.408,6177.5,
562.840,6149.6,
563.272,6138.3,
563.705,6166.4,
564.137,6163.2,
564.569,6132.1,
565.002,6100.8,
565.434,6082.5,
565.866,6063.7,
566.299,6041.7,
566.731,6024,
567.163,6007.1,
567.596,6006.2,
568.028,6058.4,
568.460,6101.2,
568.893,6070.8,
569.325,6035.4,
569.757,5998.5,
570.190,5998.7,
570.622,5999.8,
571.054,5999.4,
571.487,5978.9,
571.919,5952.5,
572.351,5946.2,
572.783,5942.6,
573.216,5922.6,
573.648,5919,
574.080,5923,
574.513,5917.1,
574.945,5894,
575.377,5858.8,
575.810,5868,
576.242,5858.3,
576.674,5848.4,
577.107,5849.5,
577.539,5844.5,
577.971,5824.6,
578.404,5791.9,
578.836,5753.5,
579.268,5726.9,
579.701,5725.1,
580.133,5728,
580.565,5707.4,
580.998,5676,
581.430,5684.5,
581.862,5679.2,
582.295,5661.4,
582.727,5642.7,
583.159,5630,
583.592,5611.8,
584.024,5602.3,
584.456,5603.5,
584.889,5586.5,
585.321,5554.1,
585.753,5541.9,
586.186,5543.3,
586.618,5547.3,
587.050,5548.7,
587.483,5554.2,
587.915,5501.2,
588.347,5456,
588.780,5448.3,
589.212,5440.4,
589.644,5428.6,
590.077,5401.5,
590.509,5370.1,
590.941,5349.9,
591.374,5346.2,
591.806,5349.6,
592.238,5348.2,
592.671,5333.1,
593.103,5305.8,
593.535,5310.6,
593.967,5321.9,
594.400,5306.2,
594.832,5297.7,
595.264,5288.5,
595.697,5257.9,
596.129,5223.8,
596.561,5215.7,
596.994,5224.1,
597.426,5231.6,
597.858,5228.1,
598.291,5226.1,
598.723,5235.5,
599.155,5240.6,
599.588,5224.8,
600.020,5209.3,
600.452,5213.5,
600.885,5174.5,
601.317,5147.8,
601.749,5137.2,
602.182,5137.1,
602.614,5152.5,
603.046,5178.3,
603.479,5187.2,
603.911,5185.5,
604.343,5175.1,
604.776,5169.4,
605.208,5163.6,
605.640,5173.9,
606.073,5184.3,
606.505,5191.9,
606.937,5208.8,
607.370,5221.2,
607.802,5241.4,
608.234,5243.5,
608.667,5242.9,
609.099,5246.1,
609.531,5243.2,
609.964,5277.4,
610.396,5288.5,
610.828,5326.3,
611.261,5360.5,
611.693,5376.3,
612.125,5397.9,
612.558,5422.8,
612.990,5452.7,
613.422,5495.5,
613.855,5541.3,
614.287,5574.6,
614.719,5605.6,
615.151,5658.2,
615.584,5727.9,
616.016,5783.7,
616.448,5819.4,
616.881,5863.8,
617.313,5944.6,
617.745,6015.2,
618.178,6049.7,
618.610,6084.4,
619.042,6151.3,
619.475,6248.9,
619.907,6362.4,
620.339,6456.7,
620.772,6541.1,
621.204,6638.9,
621.636,6746.7,
622.069,6840.1,
622.501,6925.8,
622.933,7026.7,
623.366,7153.9,
623.798,7285.5,
624.230,7405.9,
624.663,7543.5,
625.095,7677.2,
625.527,7838.5,
625.960,8011.4,
626.392,8179.7,
626.824,8360,
627.257,8522.3,
627.689,8706.1,
628.121,8896.6,
628.554,9058.3,
628.986,9248.6,
629.418,9465.3,
629.851,9664.1,
630.283,9868,
630.715,10098,
631.148,10369,
631.580,10630,
632.012,10893,
632.445,11187,
632.877,11460,
633.309,11688,
633.742,11929,
634.174,12208,
634.606,12485,
635.039,12737,
635.471,13019,
635.903,13381,
636.335,13734,
636.768,14061,
637.200,14371,
637.632,14739,
638.065,15161,
638.497,15544,
638.929,15883,
639.362,16313,
639.794,16739,
640.226,17186,
640.659,17644,
641.091,18142,
641.523,18622,
641.956,19111,
642.388,19646,
642.820,20272,
643.253,20887,
643.685,21436,
644.117,22042,
644.550,22701,
644.982,23362,
645.414,24041,
645.847,24791,
646.279,25495,
646.711,26158,
647.144,26925,
647.576,27768,
648.008,28696,
648.441,29495,
648.873,30358,
649.305,31376,
649.738,32412,
650.170,33352,
650.602,34271,
651.035,35112,
651.467,36058,
651.899,36993,
652.332,38027,
652.764,39031,
653.196,39896,
653.629,40798,
654.061,41802,
654.493,42834,
654.926,43806,
655.358,44734,
655.790,45523,
656.223,46151,
656.655,46793,
657.087,47485,
657.519,48172,
657.952,48753,
658.384,49318,
658.816,49609,
659.249,49736,
659.681,49865,
660.113,49796,
660.546,49413,
660.978,48906,
661.410,48302,
661.843,47357,
662.275,46225,
662.707,45044,
663.140,43488,
663.572,41873,
664.004,40118,
664.437,38195,
664.869,36113,
665.301,34042,
665.734,32062,
666.166,30015,
666.598,28054,
667.031,26172,
667.463,24378,
667.895,22661,
668.328,21054,
668.760,19550,
669.192,18089,
669.625,16712,
670.057,15480,
670.489,14348,
670.922,13317,
671.354,12368,
671.786,11450,
672.219,10622,
672.651,9909.5,
673.083,9278.1,
673.516,8694.5,
673.948,8124.7,
674.380,7609.7,
674.813,7136.9,
675.245,6703.6,
675.677,6324.6,
676.110,5934,
676.542,5559.1,
676.974,5229,
677.407,4935.8,
677.839,4683.3,
678.271,4427.7,
678.703,4200.6,
679.136,3972.3,
679.568,3785.6,
680.000,3609.2,
680.433,3448.2,
680.865,3245.3,
681.297,3079.4,
681.730,2961.7,
682.162,2829.3,
682.594,2725.4,
683.027,2618.5,
683.459,2528.2,
683.891,2450.1,
684.324,2373.7,
684.756,2302.1,
685.188,2242.6,
685.621,2180.1,
686.053,2112.1,
686.485,2054.1,
686.918,2003.9,
687.350,1970.8,
687.782,1918.5,
688.215,1882.5,
688.647,1840.5,
689.079,1802.7,
689.512,1773.4,
689.944,1737.7,
690.376,1707.5,
690.809,1692.7,
691.241,1672.2,
691.673,1644.3,
692.106,1617.2,
692.538,1595.7,
692.970,1590.2,
693.403,1590.6,
693.835,1584.1,
694.267,1580.7,
694.700,1574.9,
695.132,1559.1,
695.564,1543.2,
695.997,1533.7,
696.429,1536.1,
696.861,1548.8,
697.294,1557.6,
697.726,1549.9,
698.158,1546.8,
698.591,1555.4,
699.023,1555.8,
699.455,1561.3,
699.887,1575,
700.320,1590.3,
700.752,1601,
701.184,1619.8,
701.617,1635.6,
702.049,1642.5,
702.481,1661.8,
702.914,1681.2,
703.346,1702.2,
703.778,1722.1,
704.211,1754.8,
704.643,1790.5,
705.075,1806.4,
705.508,1836.8,
705.940,1865.2,
706.372,1879.2,
706.805,1897.1,
707.237,1928.5,
707.669,1955.8,
708.102,1992.5,
708.534,2014.9,
708.966,2038,
709.399,2070.4,
709.831,2104.1,
710.263,2136.3,
710.696,2182.9,
711.128,2233.3,
711.560,2274.9,
711.993,2315.3,
712.425,2349.4,
712.857,2389.5,
713.290,2415.9,
713.722,2447.7,
714.154,2490.7,
714.587,2552,
715.019,2619,
715.451,2673.3,
715.884,2720.9,
716.316,2759.3,
716.748,2826.7,
717.181,2891.3,
717.613,2954.1,
718.045,3004.3,
718.478,3083.3,
718.910,3155.6,
719.342,3206.5,
719.774,3253.3,
720.207,3322.4,
720.639,3390,
721.071,3463.4,
721.504,3557.5,
721.936,3632.1,
722.368,3699.6,
722.801,3761.8,
723.233,3832.5,
723.665,3902.9,
724.098,3982.7,
724.530,4067.6,
724.962,4140.1,
725.395,4204.9,
725.827,4276.6,
726.259,4347.1,
726.692,4402.7,
727.124,4457,
727.556,4531.1,
727.989,4609.2,
728.421,4669.5,
728.853,4736.4,
729.286,4789,
729.718,4840.4,
730.150,4872.9,
730.583,4891.7,
731.015,4900,
731.447,4906.2,
731.880,4930.9,
732.312,4961.6,
732.744,4985.4,
733.177,4973.6,
733.609,4938.7,
734.041,4912.1,
734.474,4876.6,
734.906,4822.8,
735.338,4772.4,
735.771,4715.6,
736.203,4632,
736.635,4544.4,
737.068,4476.2,
737.500,4407.1,
737.932,4305.6,
738.365,4179.6,
738.797,4043.2,
739.229,3914.4,
739.662,3784.4,
740.094,3645,
740.526,3496.4,
740.958,3349.6,
741.391,3197,
741.823,3029.2,
742.255,2872.3,
742.688,2729.4,
743.120,2576.2,
743.552,2428.9,
743.985,2295.5,
744.417,2158.2,
744.849,2024.8,
745.282,1905.3,
745.714,1791.1,
746.146,1677.2,
746.579,1572.3,
747.011,1480.1,
747.443,1392.7,
747.876,1307.1,
748.308,1246.7,
748.740,1193.7,
749.173,1133.6,
749.605,1081.3,
750.037,1029.8,
750.470,976.9,
750.902,927.97,
751.334,873.34,
751.767,828.56,
752.199,784.44,
752.631,748.1,
753.064,711.69,
753.496,671.35,
753.928,646.2,
754.361,619.5,
754.793,601.62,
755.225,570.41,
755.658,529.55,
756.090,514.17,
756.522,498.56,
756.955,480.33,
757.387,469.72,
757.819,456.92,
758.252,440.7,
758.684,425.62,
759.116,415.46,
759.549,410.2,
759.981,397.41,
760.413,382.53,
760.846,370.63,
761.278,357.76,
761.710,352.3,
762.142,349.05,
762.575,339.01,
763.007,332.12,
763.439,330.39,
763.872,312.31,
764.304,294.29,
764.736,294.03,
765.169,290.08,
765.601,280.36,
766.033,270.92,
766.466,275.42,
766.898,286.16,
767.330,274.01,
767.763,264.87,
768.195,258.25,
768.627,257.78,
769.060,255,
769.492,259.71,
769.924,254.34,
770.357,246.78,
770.789,242.21,
771.221,253.96,
771.654,260.63,
772.086,258.97,
772.518,250.64,
772.951,237.31,
773.383,227.47,
773.815,215.42,
774.248,220.07,
774.680,220.57,
775.112,214.85,
775.545,214.53,
775.977,216.22,
776.409,220.17,
776.842,222.05,
777.274,208.68,
777.706,197.98,
778.139,196.71,
778.571,186.94,
779.003,209.73,
779.436,221.15,
779.868,205.2,
780.300,198.64,
780.733,203.27,
781.165,198.53,
781.597,195.11,
782.030,190.24,
782.462,196.11,
782.894,192.43,
783.326,192.5,
783.759,190.4,
784.191,197.13,
784.623,193.47,
785.056,183.37,
785.488,182.11,
785.920,187.63,
786.353,195.62,
786.785,197.24,
787.217,189.53,
787.650,187.7,
788.082,177.21,
788.514,182.27,
788.947,189.86,
789.379,193.11,
789.811,186.63,
790.244,182.51,
790.676,172.83,
791.108,160.29,
791.541,159.93,
791.973,174.92,
792.405,181.01,
792.838,173.65,
793.270,173.61,
793.702,175.92,
794.135,177.47,
794.567,186.63,
794.999,196.22,
795.432,200.93,
795.864,190.57,
796.296,181.5,
796.729,169.78,
797.161,165.83,
797.593,179.12,
798.026,187.34,
798.458,178.96,
798.890,185.09,
799.323,177.21,
799.755,187.33,
800.187,195.45,
800.620,184.22,
801.052,179.04,
801.484,192.05,
801.917,177.4,
802.349,162.62,
802.781,160.36,
803.214,165.06,
803.646,165.46,
804.078,168.86,
804.510,165.24,
804.943,166.33,
805.375,172.46,
805.807,157.65,
806.240,163.01,
806.672,163.73,
807.104,153.04,
807.537,169.4,
807.969,180.19,
808.401,179.1,
808.834,160.01,
809.266,154.41,
809.698,144.9,
810.131,145,
810.563,146.4,
810.995,157.6,
811.428,155.12,
811.860,153.7,
812.292,154.42,
812.725,148.68,
813.157,149.31,
813.589,151.59,
814.022,159.62,
814.454,165.14,
814.886,161.64,
815.319,150.61,
815.751,136.77,
816.183,153.18,
816.616,160.17,
817.048,154.45,
817.480,156.35,
817.913,161.72,
818.345,162.35,
818.777,153.23,
819.210,142.84,
819.642,142.14,
820.074,155.93,
820.507,170,
820.939,159.29,
821.371,140.24,
821.804,157.67,
822.236,168.17,
822.668,167.39,
823.101,154.47,
823.533,157.68,
823.965,152.63,
824.398,151.57,
824.830,158.83,
825.262,160.54,
825.694,160.93,
826.127,169.4,
826.559,170.42,
826.991,161.38,
827.424,156.63,
827.856,158.85,
828.288,142.76,
828.721,139.54,
829.153,147.69,
829.585,161.65,
830.018,169.99,
830.450,155.51,
830.882,148.67,
831.315,162.34,
831.747,164.51,
832.179,144.43,
832.612,140.45,
833.044,145.22,
833.476,143.42,
833.909,132.79,
834.341,128.73,
834.773,131.22,
835.206,146.44,
835.638,148.82,
836.070,153.49,
836.503,145.22,
836.935,141.17,
837.367,149.39,
837.800,163.78,
838.232,155.02,
838.664,146.36,
839.097,154.54,
839.529,161.43,
839.961,156.27,
840.394,157.62,
840.826,145.31,
841.258,151.81,
841.691,164.76,
842.123,169.39,
842.555,162.11,
842.988,160.57,
843.420,161.36,
843.852,154.41,
844.285,145.52,
844.717,145.73,
845.149,139.72,
845.582,150.91,
846.014,152.27,
846.446,145.95,
846.878,134.15,
847.311,127.15,
847.743,121.27,
848.175,126.36,
848.608,136.8,
849.040,151.97,
849.472,136.65,
849.905,133.53,
850.337,128.04,
850.769,130.33,
851.202,122.71,
851.634,135.91,
852.066,153.13,
852.499,154.44,
852.931,152.26,
853.363,139.05,
853.796,128.35,
854.228,127.18,
854.660,121.63,
855.093,132.57,
855.525,139.91,
855.957,145.33,
856.390,142.81,
856.822,139.26,
857.254,133.46,
857.687,122.72,
858.119,128,
858.551,150.82,
858.984,169.49,
859.416,166.97,
859.848,153.44,
860.281,149.65,
860.713,155.6,
861.145,147.61,
861.578,139.73,
862.010,142.75,
862.442,150.46,
862.875,150.07,
863.307,148.72,
863.739,152.33,
864.172,155.7,
864.604,165.17,
865.036,170.01,
865.469,158.77,
865.901,150.74,
866.333,147.11,
866.766,140.67,
867.198,143.25,
867.630,152.49,
868.062,152,
868.495,151.75,
868.927,156.91,
869.359,157.96,
869.792,150.82,
870.224,143.03,
870.656,146.85,
871.089,128.69,
871.521,122.5,
871.953,126.31,
872.386,136.68,
872.818,134.88,
873.250,130.65,
873.683,133.09,
874.115,144.89,
874.547,148.08,
874.980,140.75,
875.412,140.02,
875.844,141.29,
876.277,125.52,
876.709,121.14,
877.141,132.55,
877.574,126.29,
878.006,132.36,
878.438,132.53,
878.871,130.82,
879.303,118.42,
879.735,124.47,
880.168,137.04,
880.600,130.7,
881.032,140.55,
881.465,146.95,
881.897,148.2,
882.329,150.28,
882.762,143.44,
883.194,134.62,
883.626,144.19,
884.059,130.49,
884.491,132.4,
884.923,126.18,
885.356,128.04,
885.788,129.97,
886.220,128.7,
886.653,128.5,
887.085,138.71,
887.517,141.81,
887.950,139.1,
888.382,136.52,
888.814,136.9,
889.246,118.07,
889.679,113.32,
890.111,123.17,
890.543,123.04,
890.976,130.98,
891.408,130.11,
891.840,126.66,
892.273,131.04,
892.705,120.98,
893.137,128.27,
893.570,151.84,
894.002,145.26,
894.434,145.71,
894.867,143.99,
895.299,141.29,
895.731,131.44,
896.164,127.35,
896.596,114.63,
897.028,101.79,
897.461,115.9,
897.893,134.04,
898.325,124.98,
898.758,127.94,
899.190,130.31,
899.622,127.25,
900.055,122.17,
900.487,120.18,
900.919,122.94,
901.352,133.78,
901.784,145.03,
902.216,136.2,
902.649,132.5,
903.081,131.54,
903.513,142.82,
903.946,150.69,
904.378,115.04,
904.810,116.84,
905.243,131.15,
905.675,132.22,
906.107,126.94,
906.540,134.33,
906.972,141.13,
907.404,137.31,
907.837,137.39,
908.269,150.77,
908.701,134.95,
909.134,130.66,
909.566,144.55,
909.998,155.97,
910.430,149.1,
910.863,136.61,
911.295,135.39,
911.727,149.93,
912.160,141.32,
912.592,151.12,
913.024,152.58,
913.457,137.81,
913.889,124.34,
914.321,117.96,
914.754,122.33,
915.186,122.05,
915.618,119.51,
916.051,114.98,
916.483,112.94,
916.915,119.15,
917.348,125.09,
917.780,132.8,
918.212,140.13,
918.645,138.72,
919.077,139.33,
919.509,138.74,
919.942,144.11,
920.374,145.92,
920.806,141.09,
921.239,150.43,
921.671,148.93,
922.103,147.78,
922.536,157.64,
922.968,155.96,
923.400,162.21,
923.833,143.44,
924.265,140.03,
924.697,138.18,
925.130,133.39,
925.562,113.25,
925.994,118.2,
926.427,121.73,
926.859,113.14,
927.291,113.1,
927.724,123.34,
928.156,125.94,
928.588,137.3,
929.021,134.86,
929.453,118.91,
929.885,105.1,
930.318,113.51,
930.750,123.09,
931.182,132.33,
931.614,133.73,
932.047,135.1,
932.479,140.77,
932.911,141.26,
933.344,132.56,
933.776,141.54,
934.208,143.12,
934.641,134.04,
935.073,133.93,
935.505,135.92,
935.938,127.83,
936.370,121.03,
936.802,117.34,
937.235,132.26,
937.667,136.14,
938.099,130.4,
938.532,140.51,
938.964,141.09,
939.396,144.17,
939.829,142.12,
940.261,142.86,
940.693,136.63,
941.126,140.41,
941.558,146.43,
941.990,129.93,
942.423,123.2,
942.855,148.97,
943.287,144.62,
943.720,134.06,
944.152,123.22,
944.584,129.74,
945.017,120.73,
945.449,121.82,
945.881,120.38,
946.314,133.26,
946.746,145.68,
947.178,129.17,
947.611,131.65,
948.043,130.85,
948.475,139.21,
948.908,140.24,
949.340,135.72,
949.772,132.7,
950.205,117.75,
950.637,119.99,
951.069,131.28,
951.502,126.91,
951.934,121.76,
952.366,112.71,
952.798,122.32,
953.231,136.03,
953.663,123.46,
954.095,122.8,
954.528,121.16,
954.960,128.34,
955.392,130.65,
955.825,134.87,
956.257,122.79,
956.689,116.46,
957.122,123.55,
957.554,134.25,
957.986,136.09,
958.419,116.94,
958.851,116.29,
959.283,124.18,
959.716,126.98,
960.148,121.34,
960.580,125.65,
961.013,130.64,
961.445,130.89,
961.877,136.52,
962.310,136.15,
962.742,133.9,
963.174,119.72,
963.607,110.67,
964.039,111.47,
964.471,106.13,
964.904,123.29,
965.336,123.87,
965.768,119.93,
966.201,112.86,
966.633,100.75,
967.065,103.16,
967.498,108.38,
967.930,119.08,
968.362,139.25,
968.795,141.33,
969.227,135.88,
969.659,128.2,
970.092,134.9,
970.524,118.96,
970.956,108.12,
971.389,108.26,
971.821,120.11,
972.253,129.96,
972.686,123.32,
973.118,118.16,
973.550,122.92,
973.982,131.89,
974.415,135.22,
974.847,128.64,
975.279,118.5,
975.712,110.45,
976.144,106.44,
976.576,116.05,
977.009,122.42,
977.441,125.47,
977.873,121.88,
978.306,125.86,
978.738,124.26,
979.170,112.47,
979.603,118.65,
980.035,122.24,
980.467,130.46,
980.900,145.18,
981.332,141.46,
981.764,135.33,
982.197,133.54,
982.629,132.64,
983.061,123.9,
983.494,123.65,
983.926,124.28,
984.358,131.06,
984.791,132.07,
985.223,121.97,
985.655,108.75,
986.088,105.05,
986.520,116.22,
986.952,120.47,
987.385,129.3,
987.817,120.08,
988.249,125.68,
988.682,122.39,
989.114,119.54,
989.546,114.75,
989.979,118.72,
990.411,141.08,
990.843,143.2,
991.276,147.48,
991.708,130.56,
992.140,108.42,
992.573,114.9,
993.005,113.23,
993.437,107.28,
993.870,104.36,
994.302,117.83,
994.734,128.79,
995.166,135.78,
995.599,138.11,
996.031,143.55,
996.463,132.94,
996.896,124.53,
997.328,132.62,
997.760,118.85,
998.193,118.05,
998.625,124.81,
999.057,130.52,
999.490,132.14,
999.922,129.34,
1000.354,112.75,
1000.787,114.68,
1001.219,116.36,
1001.651,106.9,
1002.084,111.27,
1002.516,114,
1002.948,118.42,
1003.381,117.76,
1003.813,117.38,
1004.245,111.69,
1004.678,109.34,
1005.110,111.18,
1005.542,129.22,
1005.975,124.82,
1006.407,121.2,
1006.839,111.04,
1007.272,109.27,
1007.704,124.43,
1008.136,147.8,
1008.569,152.01,
1009.001,138.39,
1009.433,126.51,
1009.866,115.29,
1010.298,117.53,
1010.730,127.01,
1011.163,127.53,
1011.595,131.06,
1012.027,126.27,
1012.460,115.77,
1012.892,99.757,
1013.324,112.08,
1013.757,132.07,
1014.189,131.17,
1014.621,123.26,
1015.053,123.58,
1015.486,135.7,
1015.918,133.77,
1016.350,142.84,
1016.783,129.35,
1017.215,121.82,
1017.647,130.65,
1018.080,129.14,
1018.512,132.12,
1018.944,136.09,
1019.377,133.32,
1019.809,131.56,
1020.241,124.76,
1020.674,123.3,
1021.106,140.7,
1021.538,133.94,
1021.971,109.11,
1022.403,110.6,
1022.835,115.05,
1023.268,116.64,
1023.700,115.87,
1024.132,126.16,
1024.565,120.1,
1024.997,123.04,
1025.429,124.42,
1025.862,132.07,
1026.294,130.58,
1026.726,137.89,
1027.159,125.63,
1027.591,115.91,
1028.023,126.17,
1028.456,124.08,
1028.888,119.32,
1029.320,132.65,
1029.753,123.06,
1030.185,107.4,
1030.617,120.52,
1031.050,120.98,
1031.482,119.7,
1031.914,122.94,
1032.347,140.23,
1032.779,143.6,
1033.211,126.5,
1033.644,126.46,
1034.076,132.46,
1034.508,130.95,
1034.941,113.13,
1035.373,114.03,
1035.805,118.26,
1036.237,129.5,
1036.670,130.74,
1037.102,119.54,
1037.534,123.98,
1037.967,117.2,
1038.399,113.93,
1038.831,114.57,
1039.264,109.07,
1039.696,109.24,
1040.128,110.09,
1040.561,102.97,
1040.993,109.42,
1041.425,111.27,
1041.858,122.77,
1042.290,126.1,
1042.722,130.41,
1043.155,130.41,
1043.587,130.16,
1044.019,134.08,
1044.452,136.96,
1044.884,123.65,
1045.316,123.24,
1045.749,124.65,
1046.181,126.73,
1046.613,120.18,
1047.046,126.57,
1047.478,134.53,
1047.910,131.57,
1048.343,123.24,
1048.775,121.61,
1049.207,144.77,
1049.640,136.75,
1050.072,131.65,
1050.504,130.86,
1050.937,127.71,
1051.369,136.46,
1051.801,137.24,
1052.234,127.94,
1052.666,122.13,
1053.098,120.53,
1053.531,120.55,
1053.963,130.33,
1054.395,123.92,
1054.828,117.69,
1055.260,121.26,
1055.692,102.4,
1056.125,116.96,
1056.557,110.16,
1056.989,106.95,
1057.421,110.16,
1057.854,115.63,
1058.286,124.35,
1058.718,113.98,
1059.151,114.01,
1059.583,118.96,
1060.015,112.14,
1060.448,119.59,
1060.880,130.38,
1061.312,131.54,
1061.745,119.5,
1062.177,117.03,
1062.609,123.48,
1063.042,137.49,
1063.474,131.3,
1063.906,122.5,
1064.339,118.06,
1064.771,106.01,
1065.203,108.66,
1065.636,100.92,
1066.068,110.58,
1066.500,107.12,
1066.933,115.88,
1067.365,128.57,
1067.797,131.34,
1068.230,144.15,
1068.662,135.42,
1069.094,120.23,
1069.527,120.06,
1069.959,111.36,
1070.391,130.19,
1070.824,129.17,
1071.256,114.83,
1071.688,131.39,
1072.121,131.4,
1072.553,109.7,
1072.985,100.04,
1073.418,124.5,
1073.850,136.54,
1074.282,130.1,
1074.715,115.84,
1075.147,115.28,
1075.579,114.14,
1076.012,99.733,
1076.444,124.02,
1076.876,125.41,
1077.309,123.28,
1077.741,127.17,
1078.173,117,
1078.605,124.66,
1079.038,129.63,
1079.470,145.5,
1079.902,138.85,
1080.335,132.66,
1080.767,121.51,
1081.199,126.7,
1081.632,127.11,
1082.064,138.25,
1082.496,125.42,
1082.929,126.94,
1083.361,134.48,
1083.793,126.59,
1084.226,126.54,
1084.658,139.52,
1085.090,125.81,
1085.523,129.19,
1085.955,115.68,
1086.387,119.68,
1086.820,114.07,
1087.252,108.94,
1087.684,122.65,
1088.117,130.2,
1088.549,123.47,
1088.981,122.93,
1089.414,126.72,
1089.846,117.37,
1090.278,118.73,
1090.711,120.97,
1091.143,133.87,
1091.575,132.31,
1092.008,143.36,
1092.440,140.3,
1092.872,125.68,
1093.305,121.65,
1093.737,119.2,
1094.169,122.95,
1094.602,120.5,
1095.034,123.56,
1095.466,126.95,
1095.899,111.29,
1096.331,102.38,
1096.763,132.8,
1097.196,122.6,
1097.628,118.5,
1098.060,118.98,
1098.493,136.24,
1098.925,110.5,
1099.357,121.09,
1099.789,133.14,
1100.222,117.69,
1100.654,122.75,
1101.086,-909.11,
1101.519,-1398.6,
