,Live Spectrum 8/25/2018 10:37:40 PM,
Wavelength [nm],Intensity,
222.167,38.2,
222.599,36.752,
223.031,39.505,
223.464,37.531,
223.896,32.816,
224.328,36.178,
224.761,38.915,
225.193,38.171,
225.625,36.874,
226.058,34.958,
226.490,30.86,
226.922,26.913,
227.355,24.813,
227.787,26.291,
228.219,30.351,
228.652,34.508,
229.084,34.588,
229.516,44.132,
229.949,48.897,
230.381,48.397,
230.813,46.409,
231.246,48.669,
231.678,51.145,
232.110,52,
232.543,48.817,
232.975,43.009,
233.407,45.27,
233.840,51.184,
234.272,52.488,
234.704,53.719,
235.136,55.533,
235.569,51.735,
236.001,54.343,
236.433,50.248,
236.866,45.863,
237.298,45.743,
237.730,51.535,
238.163,47.734,
238.595,45.694,
239.027,44.307,
239.460,43.663,
239.892,44.495,
240.324,48.462,
240.757,49.84,
241.189,53.97,
241.621,59.229,
242.054,62.765,
242.486,63.17,
242.918,59.001,
243.351,49.702,
243.783,41.943,
244.215,38.702,
244.648,36.026,
245.080,46.518,
245.512,46.46,
245.945,45.395,
246.377,47.311,
246.809,50.59,
247.242,45.315,
247.674,44.4,
248.106,42.324,
248.539,42.811,
248.971,50.292,
249.403,57.845,
249.836,51.361,
250.268,49.896,
250.700,50.223,
251.133,50.199,
251.565,55.97,
251.997,51.173,
252.430,50.447,
252.862,52.231,
253.294,52.092,
253.727,45.3,
254.159,47.009,
254.591,54.725,
255.024,57.225,
255.456,55.283,
255.888,53.166,
256.320,51.538,
256.753,55.575,
257.185,47.817,
257.617,39.589,
258.050,37.749,
258.482,37.091,
258.914,35.298,
259.347,31.982,
259.779,33.582,
260.211,38.024,
260.644,39.498,
261.076,42.516,
261.508,45.89,
261.941,42.138,
262.373,40.142,
262.805,45.408,
263.238,48.51,
263.670,45.429,
264.102,43.747,
264.535,48.441,
264.967,52.391,
265.399,42.921,
265.832,45.945,
266.264,46.747,
266.696,48.486,
267.129,47.927,
267.561,44.184,
267.993,46.882,
268.426,44.106,
268.858,43.3,
269.290,42.296,
269.723,42.32,
270.155,46.658,
270.587,43.056,
271.020,42.777,
271.452,44.637,
271.884,46.696,
272.317,47.291,
272.749,46.145,
273.181,45.076,
273.614,47.228,
274.046,45.09,
274.478,39.632,
274.911,37.645,
275.343,30.758,
275.775,41.168,
276.208,47.9,
276.640,50.636,
277.072,51.129,
277.504,44.892,
277.937,50.865,
278.369,50.348,
278.801,47.623,
279.234,47.982,
279.666,54.128,
280.098,54.374,
280.531,48.954,
280.963,47.613,
281.395,50.036,
281.828,51.749,
282.260,46.132,
282.692,50.736,
283.125,49.328,
283.557,48.936,
283.989,50.953,
284.422,53.088,
284.854,49.385,
285.286,60.46,
285.719,58.457,
286.151,52.744,
286.583,49.449,
287.016,49.249,
287.448,51.967,
287.880,53.674,
288.313,57.645,
288.745,58.534,
289.177,54.751,
289.610,52.923,
290.042,53.913,
290.474,55.571,
290.907,56.547,
291.339,55.686,
291.771,53.2,
292.204,52.622,
292.636,54.108,
293.068,55.367,
293.501,57.19,
293.933,58.205,
294.365,56.552,
294.798,56.139,
295.230,60.217,
295.662,59.359,
296.095,53.649,
296.527,47.623,
296.959,47.277,
297.392,40.828,
297.824,42.307,
298.256,42.711,
298.688,45.388,
299.121,50.033,
299.553,46.056,
299.985,53.67,
300.418,54.024,
300.850,53.2,
301.282,52.44,
301.715,52.454,
302.147,57.506,
302.579,52.315,
303.012,48.277,
303.444,46.136,
303.876,46.756,
304.309,50.238,
304.741,53.72,
305.173,60.034,
305.606,58.129,
306.038,56.256,
306.470,58.542,
306.903,63.306,
307.335,62.559,
307.767,66.17,
308.200,63.136,
308.632,61.788,
309.064,63.723,
309.497,63.707,
309.929,65.701,
310.361,59.02,
310.794,59.363,
311.226,59.742,
311.658,57.524,
312.091,57.869,
312.523,60.946,
312.955,57.915,
313.388,62.321,
313.820,59.924,
314.252,50.526,
314.685,52.196,
315.117,46.952,
315.549,44.696,
315.982,44.718,
316.414,49.224,
316.846,53.285,
317.279,46.106,
317.711,46.189,
318.143,50.926,
318.576,49,
319.008,43.814,
319.440,40.87,
319.872,42.788,
320.305,42.621,
320.737,44.352,
321.169,44.266,
321.602,44.578,
322.034,46.157,
322.466,47.389,
322.899,52.148,
323.331,48.935,
323.763,47.485,
324.196,48.83,
324.628,52.047,
325.060,56.022,
325.493,60.451,
325.925,64.806,
326.357,63.457,
326.790,58.467,
327.222,57.264,
327.654,65.328,
328.087,59.472,
328.519,57.846,
328.951,56.166,
329.384,59.953,
329.816,65.912,
330.248,66.118,
330.681,65.532,
331.113,65.658,
331.545,61.1,
331.978,56.154,
332.410,54.732,
332.842,57.401,
333.275,57.988,
333.707,59.067,
334.139,53.17,
334.572,52.888,
335.004,54.016,
335.436,50.588,
335.869,51.136,
336.301,58.941,
336.733,54.754,
337.166,55.124,
337.598,60.431,
338.030,65.837,
338.463,67.991,
338.895,64.631,
339.327,61.856,
339.760,60.542,
340.192,58.05,
340.624,56.6,
341.056,61.186,
341.489,60.177,
341.921,58.236,
342.353,57.762,
342.786,56.651,
343.218,56.082,
343.650,58.057,
344.083,58.983,
344.515,59.331,
344.947,58.197,
345.380,59.132,
345.812,59.894,
346.244,60.594,
346.677,68.328,
347.109,57.877,
347.541,60.96,
347.974,56.294,
348.406,47.627,
348.838,42.682,
349.271,44.042,
349.703,43.536,
350.135,45.853,
350.568,48.071,
351.000,50.087,
351.432,54.372,
351.865,59.776,
352.297,53.446,
352.729,60.372,
353.162,60.418,
353.594,57.2,
354.026,61.062,
354.459,71.199,
354.891,71.996,
355.323,69.713,
355.756,76.095,
356.188,72.34,
356.620,71.865,
357.053,73.253,
357.485,67.719,
357.917,66.703,
358.350,70.751,
358.782,64.11,
359.214,62.95,
359.647,63.762,
360.079,61.776,
360.511,60.787,
360.944,61.719,
361.376,63.425,
361.808,64.459,
362.240,62.829,
362.673,60.568,
363.105,61.294,
363.537,65.141,
363.970,55.384,
364.402,57.283,
364.834,55.958,
365.267,52.411,
365.699,50.451,
366.131,50.589,
366.564,50.504,
366.996,52.675,
367.428,56.016,
367.861,63.103,
368.293,67.394,
368.725,65.568,
369.158,67.126,
369.590,69.082,
370.022,72.247,
370.455,69.986,
370.887,68.494,
371.319,69.847,
371.752,70.202,
372.184,64.445,
372.616,68.192,
373.049,71.796,
373.481,72.209,
373.913,67.766,
374.346,65.221,
374.778,73.576,
375.210,78.349,
375.643,71.896,
376.075,70.703,
376.507,75.099,
376.940,77.481,
377.372,72.882,
377.804,65.445,
378.237,65.872,
378.669,65.024,
379.101,68.44,
379.534,72.617,
379.966,74.192,
380.398,72.909,
380.831,71.745,
381.263,65.85,
381.695,68.012,
382.128,74.968,
382.560,77.535,
382.992,79.283,
383.424,83.307,
383.857,76.438,
384.289,71.904,
384.721,67.522,
385.154,69.319,
385.586,77.524,
386.018,80.305,
386.451,72.346,
386.883,76.293,
387.315,80.404,
387.748,82.105,
388.180,76.826,
388.612,75.628,
389.045,78.497,
389.477,79.026,
389.909,80.334,
390.342,76.647,
390.774,76.501,
391.206,79.229,
391.639,78.975,
392.071,78.143,
392.503,80.566,
392.936,79.621,
393.368,89.752,
393.800,91.128,
394.233,91.882,
394.665,94.6,
395.097,94.9,
395.530,90.738,
395.962,91.363,
396.394,92.308,
396.827,91.313,
397.259,97.174,
397.691,102.24,
398.124,102.8,
398.556,100.72,
398.988,99.848,
399.421,101.48,
399.853,99.282,
400.285,98.766,
400.718,97.08,
401.150,94.85,
401.582,94.947,
402.015,98.278,
402.447,96.469,
402.879,108.42,
403.312,113.11,
403.744,118.2,
404.176,120.17,
404.608,120.36,
405.041,126.5,
405.473,131.46,
405.905,144.49,
406.338,152.34,
406.770,163.16,
407.202,172.3,
407.635,178.76,
408.067,185.38,
408.499,190.57,
408.932,206.21,
409.364,216.03,
409.796,227.11,
410.229,242.25,
410.661,256.4,
411.093,268,
411.526,284.69,
411.958,299.4,
412.390,320.42,
412.823,338.65,
413.255,356.36,
413.687,377.99,
414.120,402.51,
414.552,427.12,
414.984,460.87,
415.417,487.46,
415.849,518.54,
416.281,554.38,
416.714,590.11,
417.146,629.94,
417.578,675.68,
418.011,716.81,
418.443,761.75,
418.875,808.68,
419.308,854.18,
419.740,904.05,
420.172,959.63,
420.605,1018.7,
421.037,1078.5,
421.469,1140.8,
421.902,1221.5,
422.334,1295.6,
422.766,1374.5,
423.199,1459.3,
423.631,1548.3,
424.063,1638.1,
424.496,1727.9,
424.928,1833.1,
425.360,1938.1,
425.792,2063,
426.225,2184.2,
426.657,2295.1,
427.089,2408.1,
427.522,2534.3,
427.954,2665.3,
428.386,2811,
428.819,2952.6,
429.251,3111.2,
429.683,3276.5,
430.116,3444.5,
430.548,3613.9,
430.980,3782.8,
431.413,3951,
431.845,4123.9,
432.277,4278.9,
432.710,4500.3,
433.142,4711.6,
433.574,4906.6,
434.007,5093.3,
434.439,5265,
434.871,5457.9,
435.304,5659.1,
435.736,5857.6,
436.168,6087.5,
436.601,6310,
437.033,6517,
437.465,6715.2,
437.898,6909.5,
438.330,7123.6,
438.762,7309.9,
439.195,7534.1,
439.627,7732.1,
440.059,7924.6,
440.492,8114,
440.924,8272.6,
441.356,8376.8,
441.789,8463.5,
442.221,8553.9,
442.653,8675.4,
443.086,8761.7,
443.518,8842.9,
443.950,8887.9,
444.383,8887.5,
444.815,8880.7,
445.247,8857.6,
445.679,8788.1,
446.112,8683.9,
446.544,8570.5,
446.976,8467.3,
447.409,8327.7,
447.841,8152.9,
448.273,7990.6,
448.706,7823.8,
449.138,7654.2,
449.570,7441,
450.003,7200.6,
450.435,6942.1,
450.867,6697,
451.300,6472.2,
451.732,6248.7,
452.164,6014.2,
452.597,5778.2,
453.029,5528.6,
453.461,5279.4,
453.894,5043,
454.326,4815.8,
454.758,4607.9,
455.191,4427.1,
455.623,4262.4,
456.055,4100.5,
456.488,3952.1,
456.920,3811.7,
457.352,3676.5,
457.785,3547.3,
458.217,3429.2,
458.649,3323.5,
459.082,3225.6,
459.514,3129.4,
459.946,3041.1,
460.379,2963.3,
460.811,2892.6,
461.243,2817.8,
461.676,2736.4,
462.108,2659.5,
462.540,2587.1,
462.973,2504.6,
463.405,2426.8,
463.837,2363.1,
464.270,2289.6,
464.702,2231.3,
465.134,2168,
465.567,2103.8,
465.999,2043.7,
466.431,1985.7,
466.863,1931.3,
467.296,1881.9,
467.728,1829.5,
468.160,1782.6,
468.593,1738.2,
469.025,1710.6,
469.457,1678.7,
469.890,1637.6,
470.322,1606.7,
470.754,1583.3,
471.187,1563.9,
471.619,1545.9,
472.051,1527.4,
472.484,1506.2,
472.916,1490.8,
473.348,1481,
473.781,1476.2,
474.213,1477.1,
474.645,1475.1,
475.078,1473.3,
475.510,1465,
475.942,1464.2,
476.375,1465.3,
476.807,1467.8,
477.239,1479.1,
477.672,1495.6,
478.104,1502.9,
478.536,1502.6,
478.969,1511.3,
479.401,1518.2,
479.833,1531.3,
480.266,1539.3,
480.698,1555,
481.130,1573.2,
481.563,1592.5,
481.995,1617.5,
482.427,1638.4,
482.860,1670.2,
483.292,1703.4,
483.724,1723.4,
484.157,1753.5,
484.589,1785.4,
485.021,1823.2,
485.454,1857.7,
485.886,1885.3,
486.318,1928.5,
486.751,1963.2,
487.183,2003.1,
487.615,2049.7,
488.047,2101.1,
488.480,2158.5,
488.912,2209.3,
489.344,2256.6,
489.777,2310,
490.209,2368,
490.641,2426.5,
491.074,2481.6,
491.506,2538.8,
491.938,2598.4,
492.371,2660.7,
492.803,2722.3,
493.235,2781.5,
493.668,2838.4,
494.100,2899.6,
494.532,2973.9,
494.965,3043.8,
495.397,3107.8,
495.829,3177.2,
496.262,3243.3,
496.694,3311.3,
497.126,3376.6,
497.559,3442.9,
497.991,3508.9,
498.423,3571.9,
498.856,3646,
499.288,3703,
499.720,3763.3,
500.153,3837.2,
500.585,3902.7,
501.017,3966.4,
501.450,4032.1,
501.882,4097.4,
502.314,4158.3,
502.747,4215.4,
503.179,4276.3,
503.611,4336,
504.044,4389.6,
504.476,4453,
504.908,4514.5,
505.341,4573.3,
505.773,4627.4,
506.205,4685.8,
506.638,4748.1,
507.070,4804,
507.502,4864,
507.935,4914.7,
508.367,4957,
508.799,5003.9,
509.231,5053.9,
509.664,5105.3,
510.096,5153.8,
510.528,5206,
510.961,5261.6,
511.393,5309.3,
511.825,5350.7,
512.258,5405.5,
512.690,5437.5,
513.122,5481.2,
513.555,5521,
513.987,5571.7,
514.419,5617.6,
514.852,5658,
515.284,5699.1,
515.716,5742.4,
516.149,5785,
516.581,5814.1,
517.013,5845.4,
517.446,5898.2,
517.878,5930.1,
518.310,5966,
518.743,5993.5,
519.175,6025.3,
519.607,6059.3,
520.040,6091.1,
520.472,6127,
520.904,6164.7,
521.337,6207.1,
521.769,6238.8,
522.201,6275.7,
522.634,6314.1,
523.066,6347.1,
523.498,6377.5,
523.931,6402.4,
524.363,6421.6,
524.795,6443,
525.228,6469.9,
525.660,6491.1,
526.092,6518.4,
526.525,6539.2,
526.957,6554.7,
527.389,6581.3,
527.822,6603.3,
528.254,6622.1,
528.686,6648.9,
529.119,6675.8,
529.551,6690.8,
529.983,6701.4,
530.415,6721.7,
530.848,6746,
531.280,6768.7,
531.712,6787.5,
532.145,6804.9,
532.577,6818.6,
533.009,6829.8,
533.442,6836.1,
533.874,6846.3,
534.306,6862.8,
534.739,6878.4,
535.171,6894.6,
535.603,6908,
536.036,6924.5,
536.468,6945.1,
536.900,6945.8,
537.333,6951.5,
537.765,6964.7,
538.197,6970,
538.630,6977.3,
539.062,6990.7,
539.494,7003.5,
539.927,7009.9,
540.359,7004.1,
540.791,7026,
541.224,7037.5,
541.656,7047.2,
542.088,7053.3,
542.521,7052.3,
542.953,7057.3,
543.385,7072,
543.818,7083.2,
544.250,7084.1,
544.682,7082.7,
545.115,7085.3,
545.547,7083.8,
545.979,7064.9,
546.412,7063.8,
546.844,7067.7,
547.276,7080.7,
547.709,7089.2,
548.141,7102.8,
548.573,7105.9,
549.006,7101.4,
549.438,7094.8,
549.870,7089.1,
550.303,7087.5,
550.735,7081.6,
551.167,7077.3,
551.599,7079.8,
552.032,7058.9,
552.464,7058.7,
552.896,7059.3,
553.329,7060.4,
553.761,7051.7,
554.193,7050.1,
554.626,7056.4,
555.058,7060,
555.490,7057,
555.923,7047.2,
556.355,7039.7,
556.787,7035.8,
557.220,7038,
557.652,7034.1,
558.084,7025.4,
558.517,7013,
558.949,7007.9,
559.381,6998.7,
559.814,6982.2,
560.246,6969.2,
560.678,6962.2,
561.111,6953.3,
561.543,6943.7,
561.975,6937.2,
562.408,6927.9,
562.840,6902.4,
563.272,6886.9,
563.705,6878.4,
564.137,6867.3,
564.569,6852,
565.002,6839.7,
565.434,6819.2,
565.866,6791.9,
566.299,6773.5,
566.731,6766.3,
567.163,6758.4,
567.596,6750.7,
568.028,6746.3,
568.460,6737.1,
568.893,6716,
569.325,6691.4,
569.757,6676.6,
570.190,6664.8,
570.622,6657.7,
571.054,6649,
571.487,6622.1,
571.919,6592.8,
572.351,6575,
572.783,6561.7,
573.216,6551,
573.648,6540.1,
574.080,6519.9,
574.513,6491.7,
574.945,6491.9,
575.377,6474.8,
575.810,6453.3,
576.242,6438.8,
576.674,6417,
577.107,6402.6,
577.539,6392.3,
577.971,6373.8,
578.404,6350.4,
578.836,6332.3,
579.268,6320.7,
579.701,6308.7,
580.133,6284.2,
580.565,6262.1,
580.998,6245,
581.430,6221.8,
581.862,6201.5,
582.295,6178.8,
582.727,6153.1,
583.159,6130.7,
583.592,6108,
584.024,6086.6,
584.456,6065.5,
584.889,6037.6,
585.321,6006.4,
585.753,5978.7,
586.186,5949.6,
586.618,5932.9,
587.050,5918,
587.483,5895.2,
587.915,5859.4,
588.347,5842.8,
588.780,5831.4,
589.212,5807.8,
589.644,5781.3,
590.077,5755.3,
590.509,5718.6,
590.941,5689.3,
591.374,5668.7,
591.806,5650.4,
592.238,5629.6,
592.671,5600.4,
593.103,5579.7,
593.535,5549.2,
593.967,5520.8,
594.400,5500,
594.832,5469.7,
595.264,5443,
595.697,5409.1,
596.129,5376.6,
596.561,5355.2,
596.994,5336.9,
597.426,5315.2,
597.858,5286.9,
598.291,5256,
598.723,5232.8,
599.155,5217.1,
599.588,5196.1,
600.020,5166.8,
600.452,5139.6,
600.885,5106.1,
601.317,5077.8,
601.749,5043.5,
602.182,5008.8,
602.614,4990.5,
603.046,4960.8,
603.479,4939.6,
603.911,4922,
604.343,4898.4,
604.776,4866,
605.208,4834.8,
605.640,4818.4,
606.073,4800,
606.505,4765.1,
606.937,4727.3,
607.370,4696.5,
607.802,4670.7,
608.234,4645.3,
608.667,4611.3,
609.099,4583.6,
609.531,4554.3,
609.964,4513.5,
610.396,4487.7,
610.828,4458,
611.261,4423.4,
611.693,4382.5,
612.125,4344.3,
612.558,4300.3,
612.990,4267.7,
613.422,4234.8,
613.855,4206.1,
614.287,4178.2,
614.719,4142.4,
615.151,4110.9,
615.584,4081.5,
616.016,4047.6,
616.448,4016.7,
616.881,3980.8,
617.313,3941.7,
617.745,3908.7,
618.178,3875.7,
618.610,3842.4,
619.042,3813.1,
619.475,3774.6,
619.907,3750,
620.339,3714.7,
620.772,3687.8,
621.204,3658.4,
621.636,3622.4,
622.069,3579.5,
622.501,3541.8,
622.933,3510.1,
623.366,3478.3,
623.798,3445.7,
624.230,3411.4,
624.663,3380.7,
625.095,3344.9,
625.527,3310.1,
625.960,3278.9,
626.392,3257.7,
626.824,3222,
627.257,3195.9,
627.689,3166.7,
628.121,3133.2,
628.554,3090.7,
628.986,3060.4,
629.418,3038.3,
629.851,2994.6,
630.283,2957.5,
630.715,2925.5,
631.148,2897.5,
631.580,2870.4,
632.012,2842.6,
632.445,2816.7,
632.877,2790.6,
633.309,2762.4,
633.742,2735.5,
634.174,2710.1,
634.606,2680.5,
635.039,2646.8,
635.471,2619.1,
635.903,2585.7,
636.335,2558.3,
636.768,2534.6,
637.200,2509.4,
637.632,2476.3,
638.065,2458.5,
638.497,2419,
638.929,2392.2,
639.362,2369.2,
639.794,2342.8,
640.226,2319.4,
640.659,2300.6,
641.091,2282.6,
641.523,2256.8,
641.956,2235.8,
642.388,2214.9,
642.820,2194.5,
643.253,2171.1,
643.685,2141.1,
644.117,2114.3,
644.550,2090,
644.982,2068.1,
645.414,2039.8,
645.847,2017.2,
646.279,1989.7,
646.711,1967,
647.144,1947.8,
647.576,1930.6,
648.008,1900.7,
648.441,1872.9,
648.873,1845.3,
649.305,1818.6,
649.738,1790.5,
650.170,1775.3,
650.602,1762.7,
651.035,1741.2,
651.467,1720.2,
651.899,1699.7,
652.332,1678.9,
652.764,1663.5,
653.196,1640.9,
653.629,1616,
654.061,1601.3,
654.493,1581.2,
654.926,1566.4,
655.358,1555.4,
655.790,1534.7,
656.223,1510,
656.655,1482.2,
657.087,1458.2,
657.519,1439.6,
657.952,1425.8,
658.384,1417.3,
658.816,1391.5,
659.249,1375.6,
659.681,1352,
660.113,1338.5,
660.546,1319.2,
660.978,1298.1,
661.410,1287.2,
661.843,1263.8,
662.275,1249.6,
662.707,1237.3,
663.140,1213,
663.572,1204.9,
664.004,1183.5,
664.437,1167,
664.869,1156.7,
665.301,1150.1,
665.734,1145.6,
666.166,1127.3,
666.598,1119.3,
667.031,1099.1,
667.463,1077.3,
667.895,1057.7,
668.328,1039,
668.760,1020.6,
669.192,1005.3,
669.625,990.68,
670.057,977.08,
670.489,966.59,
670.922,954.06,
671.354,937.23,
671.786,918.59,
672.219,902.62,
672.651,890.95,
673.083,879.49,
673.516,869.11,
673.948,858.32,
674.380,843.23,
674.813,825.23,
675.245,813.21,
675.677,798.12,
676.110,792.55,
676.542,782.4,
676.974,775.21,
677.407,765.97,
677.839,752.16,
678.271,742.02,
678.703,724.53,
679.136,721.3,
679.568,701.75,
680.000,695.56,
680.433,684.34,
680.865,671.5,
681.297,666.1,
681.730,664.84,
682.162,652.69,
682.594,646.52,
683.027,645.28,
683.459,638.77,
683.891,624.94,
684.324,614.33,
684.756,609.86,
685.188,606.9,
685.621,595.13,
686.053,579.47,
686.485,571.89,
686.918,554.82,
687.350,548.93,
687.782,541.64,
688.215,541.11,
688.647,536.76,
689.079,525.91,
689.512,520.58,
689.944,513.42,
690.376,501.55,
690.809,490.68,
691.241,476.6,
691.673,468.86,
692.106,463.59,
692.538,453.26,
692.970,446.17,
693.403,441.56,
693.835,436.16,
694.267,433.59,
694.700,427.95,
695.132,424.95,
695.564,422.33,
695.997,415.44,
696.429,409.92,
696.861,405.38,
697.294,402.38,
697.726,397.85,
698.158,391.9,
698.591,389.16,
699.023,387.11,
699.455,383.22,
699.887,378.03,
700.320,370.32,
700.752,367.91,
701.184,362.05,
701.617,354.8,
702.049,345.78,
702.481,337.08,
702.914,336.27,
703.346,337.21,
703.778,332.84,
704.211,326.14,
704.643,318.29,
705.075,316.39,
705.508,311.26,
705.940,309.15,
706.372,304.52,
706.805,303.72,
707.237,296.64,
707.669,291.42,
708.102,283.15,
708.534,282.03,
708.966,280.95,
709.399,274.65,
709.831,271.71,
710.263,275.61,
710.696,266.92,
711.128,259.77,
711.560,256.32,
711.993,259.48,
712.425,254.16,
712.857,244.93,
713.290,245.74,
713.722,232.7,
714.154,230.49,
714.587,231.07,
715.019,226.85,
715.451,226.75,
715.884,229.55,
716.316,237.76,
716.748,238.26,
717.181,233.19,
717.613,222.77,
718.045,215.4,
718.478,218.33,
718.910,222.75,
719.342,228.93,
719.774,224.39,
720.207,221.55,
720.639,219.98,
721.071,215.46,
721.504,210.66,
721.936,203.89,
722.368,205.34,
722.801,204.07,
723.233,201.27,
723.665,199.65,
724.098,197.64,
724.530,195.94,
724.962,186.27,
725.395,191.01,
725.827,187.44,
726.259,182.28,
726.692,178.4,
727.124,175.74,
727.556,173.81,
727.989,176.84,
728.421,178.32,
728.853,182.51,
729.286,185.86,
729.718,183.42,
730.150,177.57,
730.583,170.72,
731.015,163.28,
731.447,161.49,
731.880,158.92,
732.312,157.81,
732.744,154.04,
733.177,155.66,
733.609,153.5,
734.041,143.86,
734.474,140.46,
734.906,138.89,
735.338,141.62,
735.771,146.38,
736.203,142.63,
736.635,141.82,
737.068,143.68,
737.500,140.12,
737.932,132.14,
738.365,136.23,
738.797,145.21,
739.229,141.52,
739.662,133.33,
740.094,127.87,
740.526,127.1,
740.958,132.26,
741.391,129.01,
741.823,125.68,
742.255,123.85,
742.688,121.23,
743.120,120.42,
743.552,119.32,
743.985,111.99,
744.417,110.34,
744.849,102.68,
745.282,98.235,
745.714,93.939,
746.146,92.079,
746.579,97.862,
747.011,96.694,
747.443,101.22,
747.876,101.41,
748.308,107.56,
748.740,106.82,
749.173,104,
749.605,103.14,
750.037,104.96,
750.470,99.234,
750.902,98.256,
751.334,98.599,
751.767,96.517,
752.199,100.93,
752.631,100.57,
753.064,100.44,
753.496,96.316,
753.928,89.738,
754.361,93.423,
754.793,89.845,
755.225,87.306,
755.658,79.593,
756.090,78.649,
756.522,87.218,
756.955,92.378,
757.387,88.671,
757.819,82.067,
758.252,88.017,
758.684,88.254,
759.116,88.187,
759.549,91.149,
759.981,87.351,
760.413,90.546,
760.846,91.982,
761.278,90.208,
761.710,92.701,
762.142,92.057,
762.575,90.407,
763.007,90.923,
763.439,88.252,
763.872,91.258,
764.304,92.366,
764.736,81.303,
765.169,88.922,
765.601,83.308,
766.033,89.613,
766.466,86.973,
766.898,84.05,
767.330,75.875,
767.763,75.379,
768.195,77.446,
768.627,73.378,
769.060,75.075,
769.492,77.145,
769.924,77.368,
770.357,84.165,
770.789,83.695,
771.221,86.383,
771.654,80.28,
772.086,80.841,
772.518,84.559,
772.951,75.309,
773.383,69.68,
773.815,74.077,
774.248,73.235,
774.680,68.944,
775.112,66.062,
775.545,68.458,
775.977,68.872,
776.409,70.459,
776.842,69.296,
777.274,68.541,
777.706,72.669,
778.139,72.369,
778.571,76.373,
779.003,73.495,
779.436,81.446,
779.868,64.792,
780.300,79.053,
780.733,67.014,
781.165,67.342,
781.597,50.944,
782.030,56.753,
782.462,65.354,
782.894,72.544,
783.326,76.518,
783.759,77.403,
784.191,73.303,
784.623,72.615,
785.056,68.036,
785.488,65.989,
785.920,65.027,
786.353,64.085,
786.785,58.954,
787.217,56.33,
787.650,64.17,
788.082,65.623,
788.514,61.161,
788.947,61.084,
789.379,65.408,
789.811,66.567,
790.244,62.31,
790.676,65.762,
791.108,59.083,
791.541,60.9,
791.973,60.319,
792.405,57.109,
792.838,54.691,
793.270,55.258,
793.702,61.064,
794.135,61.541,
794.567,55.545,
794.999,55.261,
795.432,60.071,
795.864,65.483,
796.296,68.038,
796.729,65.952,
797.161,63.086,
797.593,61.706,
798.026,60.151,
798.458,57.937,
798.890,58.454,
799.323,64.153,
799.755,57.148,
800.187,64.426,
800.620,56.799,
801.052,52.565,
801.484,60.415,
801.917,61.585,
802.349,61.611,
802.781,64.502,
803.214,62.693,
803.646,63.706,
804.078,65.975,
804.510,64.756,
804.943,62.772,
805.375,55.245,
805.807,61.381,
806.240,60.425,
806.672,61.288,
807.104,53.631,
807.537,49.926,
807.969,55.614,
808.401,56.096,
808.834,57.975,
809.266,60.063,
809.698,64.572,
810.131,65.07,
810.563,61.666,
810.995,55.936,
811.428,59.26,
811.860,58.98,
812.292,51.272,
812.725,47.143,
813.157,51.149,
813.589,56.71,
814.022,53.007,
814.454,50.557,
814.886,56.627,
815.319,45.397,
815.751,42.887,
816.183,48.62,
816.616,54.502,
817.048,56.126,
817.480,57.365,
817.913,58.022,
818.345,56.206,
818.777,54.812,
819.210,58.077,
819.642,59.421,
820.074,61.845,
820.507,56.004,
820.939,53.173,
821.371,50.008,
821.804,48.534,
822.236,53.037,
822.668,61.635,
823.101,55.948,
823.533,43.909,
823.965,42.421,
824.398,36.497,
824.830,35.92,
825.262,39.292,
825.694,37.133,
826.127,39.586,
826.559,42.439,
826.991,42.507,
827.424,40.926,
827.856,40.328,
828.288,45.173,
828.721,51.002,
829.153,42.266,
829.585,43.721,
830.018,50.261,
830.450,48.777,
830.882,50.571,
831.315,49.998,
831.747,51.33,
832.179,48.766,
832.612,46.196,
833.044,50.79,
833.476,61.339,
833.909,64.905,
834.341,72.473,
834.773,75.126,
835.206,62.488,
835.638,62.839,
836.070,66.69,
836.503,70.807,
836.935,69.717,
837.367,68.719,
837.800,62.418,
838.232,54.433,
838.664,47.472,
839.097,50.441,
839.529,48.643,
839.961,43.183,
840.394,41.695,
840.826,45.823,
841.258,48.66,
841.691,52.369,
842.123,51.331,
842.555,51.594,
842.988,52.211,
843.420,52.946,
843.852,56.383,
844.285,55.404,
844.717,52.326,
845.149,50.015,
845.582,56.128,
846.014,46.317,
846.446,39.659,
846.878,40.598,
847.311,44.9,
847.743,44.174,
848.175,43.418,
848.608,45.16,
849.040,44.37,
849.472,45.086,
849.905,46.359,
850.337,50.029,
850.769,46.246,
851.202,48.766,
851.634,46.232,
852.066,46.2,
852.499,50.369,
852.931,54.553,
853.363,52.888,
853.796,54.5,
854.228,52.605,
854.660,49.823,
855.093,49.366,
855.525,52.881,
855.957,49.411,
856.390,51.332,
856.822,44.235,
857.254,45.362,
857.687,45.654,
858.119,48.852,
858.551,54.966,
858.984,58.452,
859.416,51.198,
859.848,49.1,
860.281,54.514,
860.713,53.212,
861.145,52.203,
861.578,47.327,
862.010,49.489,
862.442,53.668,
862.875,59.781,
863.307,56.487,
863.739,62.463,
864.172,56.04,
864.604,57.672,
865.036,56.855,
865.469,41.302,
865.901,41.598,
866.333,45.095,
866.766,51.052,
867.198,47.072,
867.630,43.545,
868.062,44.029,
868.495,46.069,
868.927,43.723,
869.359,42.21,
869.792,41.408,
870.224,55.587,
870.656,55.832,
871.089,50.907,
871.521,45.746,
871.953,46.855,
872.386,50.227,
872.818,54.542,
873.250,51.191,
873.683,52.292,
874.115,54.87,
874.547,51.553,
874.980,52.501,
875.412,49.6,
875.844,42.614,
876.277,48.701,
876.709,46.935,
877.141,52.953,
877.574,53.715,
878.006,45.162,
878.438,46.432,
878.871,41.865,
879.303,38.179,
879.735,44.5,
880.168,43.764,
880.600,46.945,
881.032,44.402,
881.465,40.828,
881.897,47.385,
882.329,38.477,
882.762,43.565,
883.194,41.372,
883.626,44.084,
884.059,47.324,
884.491,50.679,
884.923,49.664,
885.356,53.567,
885.788,47.801,
886.220,42.963,
886.653,40.921,
887.085,35.8,
887.517,37.373,
887.950,37.64,
888.382,39.906,
888.814,37.309,
889.246,35.994,
889.679,38.809,
890.111,45.747,
890.543,43.867,
890.976,36.352,
891.408,48.175,
891.840,46.373,
892.273,45.343,
892.705,45.402,
893.137,49.347,
893.570,42.915,
894.002,46.489,
894.434,40.063,
894.867,46.172,
895.299,37.81,
895.731,34.654,
896.164,33.566,
896.596,35.227,
897.028,35.261,
897.461,35.288,
897.893,36.029,
898.325,42.065,
898.758,41.363,
899.190,46.845,
899.622,44.774,
900.055,50.446,
900.487,48.009,
900.919,50.288,
901.352,41.446,
901.784,50.585,
902.216,50.907,
902.649,49.437,
903.081,47.83,
903.513,45.061,
903.946,43.525,
904.378,37.671,
904.810,31.232,
905.243,39.725,
905.675,40.06,
906.107,45.075,
906.540,39.265,
906.972,38.285,
907.404,44.431,
907.837,29.991,
908.269,31.917,
908.701,33.027,
909.134,33.435,
909.566,33.228,
909.998,44.504,
910.430,51.336,
910.863,55.29,
911.295,56.271,
911.727,53.816,
912.160,58.355,
912.592,57.376,
913.024,50.131,
913.457,52.666,
913.889,54.623,
914.321,47.378,
914.754,40.715,
915.186,44.866,
915.618,49.711,
916.051,48.427,
916.483,51.821,
916.915,50.304,
917.348,51.65,
917.780,49.768,
918.212,40.505,
918.645,41.744,
919.077,47.185,
919.509,47.234,
919.942,49.562,
920.374,48.743,
920.806,49.953,
921.239,47.297,
921.671,47.443,
922.103,48.511,
922.536,45.353,
922.968,49.093,
923.400,48.512,
923.833,46.709,
924.265,48.963,
924.697,51.161,
925.130,46.547,
925.562,44.078,
925.994,43.405,
926.427,44.176,
926.859,48.121,
927.291,50.95,
927.724,55.693,
928.156,51.49,
928.588,56.73,
929.021,59.157,
929.453,52.764,
929.885,51.168,
930.318,43.898,
930.750,44.582,
931.182,39.745,
931.614,39.38,
932.047,37.877,
932.479,46.289,
932.911,52.602,
933.344,47.622,
933.776,42.239,
934.208,40.744,
934.641,39.202,
935.073,39.753,
935.505,41.304,
935.938,38.033,
936.370,36.954,
936.802,37.779,
937.235,38.171,
937.667,39.977,
938.099,43.031,
938.532,47.782,
938.964,43.455,
939.396,40.562,
939.829,41.055,
940.261,38.184,
940.693,38.47,
941.126,39.06,
941.558,42.761,
941.990,41.482,
942.423,37.731,
942.855,41.025,
943.287,42.71,
943.720,43.689,
944.152,43.537,
944.584,41.422,
945.017,40.086,
945.449,35.07,
945.881,41.004,
946.314,43.395,
946.746,44.859,
947.178,43.407,
947.611,48.65,
948.043,47.376,
948.475,44.526,
948.908,48.408,
949.340,52.477,
949.772,49.52,
950.205,49.49,
950.637,48.185,
951.069,48.484,
951.502,47.442,
951.934,49.959,
952.366,58.542,
952.798,45.593,
953.231,49.958,
953.663,45.572,
954.095,44.162,
954.528,40.379,
954.960,34.454,
955.392,35.1,
955.825,38.378,
956.257,45.478,
956.689,40.974,
957.122,39.915,
957.554,44.498,
957.986,37.755,
958.419,39.238,
958.851,41.455,
959.283,48.319,
959.716,55.919,
960.148,50.197,
960.580,55.459,
961.013,46.281,
961.445,43.89,
961.877,43.278,
962.310,35.893,
962.742,48.312,
963.174,42.234,
963.607,43.939,
964.039,47.223,
964.471,43.523,
964.904,44.931,
965.336,49.652,
965.768,42.054,
966.201,39.165,
966.633,35.327,
967.065,35.117,
967.498,35.823,
967.930,37.408,
968.362,50.505,
968.795,43.67,
969.227,45.028,
969.659,47.852,
970.092,49.546,
970.524,48.925,
970.956,43.497,
971.389,43.898,
971.821,39.399,
972.253,34.786,
972.686,36.098,
973.118,41.18,
973.550,36.82,
973.982,37.768,
974.415,44.707,
974.847,46.276,
975.279,43.841,
975.712,49.861,
976.144,49.742,
976.576,50.034,
977.009,39.165,
977.441,38.107,
977.873,40.148,
978.306,44.27,
978.738,42.514,
979.170,44.987,
979.603,49.541,
980.035,58.386,
980.467,58.654,
980.900,51.544,
981.332,45.457,
981.764,38.153,
982.197,42.647,
982.629,45.71,
983.061,42.265,
983.494,42.283,
983.926,49.699,
984.358,46.344,
984.791,38.052,
985.223,43.464,
985.655,41.655,
986.088,47.248,
986.520,38.925,
986.952,46.678,
987.385,48.038,
987.817,40.929,
988.249,45.41,
988.682,38.671,
989.114,42.696,
989.546,46.927,
989.979,46.857,
990.411,44.855,
990.843,48.429,
991.276,51.435,
991.708,53.781,
992.140,49.747,
992.573,49.125,
993.005,49.257,
993.437,41.647,
993.870,47.596,
994.302,46.451,
994.734,44.54,
995.166,47.356,
995.599,37.803,
996.031,48.353,
996.463,54.538,
996.896,58.266,
997.328,52.479,
997.760,47.131,
998.193,47.258,
998.625,50.991,
999.057,48.063,
999.490,33.941,
999.922,38.582,
1000.354,42.598,
1000.787,41.828,
1001.219,34.502,
1001.651,35.731,
1002.084,38.377,
1002.516,39.587,
1002.948,35.654,
1003.381,32.109,
1003.813,31.159,
1004.245,30.552,
1004.678,32.265,
1005.110,30.519,
1005.542,38.94,
1005.975,48.743,
1006.407,43.217,
1006.839,43.109,
1007.272,46.155,
1007.704,44.947,
1008.136,37.072,
1008.569,37.229,
1009.001,32.819,
1009.433,31.169,
1009.866,33.982,
1010.298,32.456,
1010.730,31.785,
1011.163,41.033,
1011.595,35.688,
1012.027,44.367,
1012.460,48.682,
1012.892,46.958,
1013.324,42.712,
1013.757,44.747,
1014.189,44.816,
1014.621,43.346,
1015.053,44.415,
1015.486,42.103,
1015.918,33.366,
1016.350,38.963,
1016.783,37.511,
1017.215,30.506,
1017.647,31.885,
1018.080,33.018,
1018.512,34.229,
1018.944,38.855,
1019.377,31.907,
1019.809,30.736,
1020.241,32.032,
1020.674,32.496,
1021.106,36.861,
1021.538,42.013,
1021.971,44.315,
1022.403,36.891,
1022.835,37.131,
1023.268,40.186,
1023.700,47.307,
1024.132,41.118,
1024.565,44.76,
1024.997,53.429,
1025.429,48.851,
1025.862,49.629,
1026.294,48.658,
1026.726,52.877,
1027.159,52.488,
1027.591,50.313,
1028.023,48.86,
1028.456,46.696,
1028.888,46.785,
1029.320,41.588,
1029.753,37.558,
1030.185,38.495,
1030.617,39.935,
1031.050,41.513,
1031.482,43.441,
1031.914,45.9,
1032.347,49.274,
1032.779,48.604,
1033.211,43.541,
1033.644,43.44,
1034.076,43.644,
1034.508,42.898,
1034.941,54.445,
1035.373,38.783,
1035.805,38.114,
1036.237,40.573,
1036.670,40.15,
1037.102,37.959,
1037.534,41.633,
1037.967,38.54,
1038.399,37.965,
1038.831,42.888,
1039.264,46.761,
1039.696,46.595,
1040.128,47.955,
1040.561,49.822,
1040.993,46.836,
1041.425,52.961,
1041.858,45.387,
1042.290,43.962,
1042.722,45.061,
1043.155,39.015,
1043.587,42.761,
1044.019,41.802,
1044.452,43.397,
1044.884,47.148,
1045.316,50.281,
1045.749,49.725,
1046.181,50.608,
1046.613,54.271,
1047.046,61.587,
1047.478,62.877,
1047.910,61.497,
1048.343,49.451,
1048.775,57.171,
1049.207,50.631,
1049.640,54.591,
1050.072,47.124,
1050.504,49.644,
1050.937,50.177,
1051.369,47.702,
1051.801,53.997,
1052.234,46.125,
1052.666,39.77,
1053.098,42.863,
1053.531,42.948,
1053.963,47.172,
1054.395,39.08,
1054.828,48.765,
1055.260,46.488,
1055.692,43.162,
1056.125,40.537,
1056.557,43.188,
1056.989,38.304,
1057.421,36.342,
1057.854,41.078,
1058.286,40.069,
1058.718,38.416,
1059.151,37.201,
1059.583,30.8,
1060.015,29.026,
1060.448,32.343,
1060.880,35.175,
1061.312,36.072,
1061.745,37.388,
1062.177,42.52,
1062.609,42.446,
1063.042,38.063,
1063.474,35.85,
1063.906,40.983,
1064.339,46.801,
1064.771,46.995,
1065.203,47.854,
1065.636,43.83,
1066.068,44.388,
1066.500,48.662,
1066.933,43.635,
1067.365,47.113,
1067.797,50.674,
1068.230,56.267,
1068.662,55.854,
1069.094,55.95,
1069.527,52.603,
1069.959,56.47,
1070.391,49.457,
1070.824,50.352,
1071.256,49.919,
1071.688,45.225,
1072.121,46.634,
1072.553,44.079,
1072.985,48.508,
1073.418,50.285,
1073.850,41.77,
1074.282,39.821,
1074.715,41.049,
1075.147,43.97,
1075.579,45.349,
1076.012,45.969,
1076.444,46.089,
1076.876,39.972,
1077.309,46.458,
1077.741,41.723,
1078.173,47.384,
1078.605,43.174,
1079.038,47.56,
1079.470,40.818,
1079.902,44.596,
1080.335,47.955,
1080.767,48.026,
1081.199,50.545,
1081.632,52.432,
1082.064,47.814,
1082.496,47.892,
1082.929,47.38,
1083.361,47.326,
1083.793,45.827,
1084.226,44.988,
1084.658,52.131,
1085.090,56.793,
1085.523,58.228,
1085.955,53.132,
1086.387,49.098,
1086.820,52.442,
1087.252,49.466,
1087.684,35.293,
1088.117,33.363,
1088.549,38.357,
1088.981,41.029,
1089.414,35.407,
1089.846,32.149,
1090.278,32.466,
1090.711,36.687,
1091.143,31.881,
1091.575,32.361,
1092.008,31.709,
1092.440,33.72,
1092.872,36.685,
1093.305,39.745,
1093.737,37.277,
1094.169,42.233,
1094.602,41.538,
1095.034,33.976,
1095.466,35.719,
1095.899,38.844,
1096.331,37.27,
1096.763,39.392,
1097.196,40.057,
1097.628,41.489,
1098.060,44.279,
1098.493,46.085,
1098.925,50.014,
1099.357,41.798,
1099.789,38.477,
1100.222,43.994,
1100.654,45.362,
1101.086,-983.69,
1101.519,-1470,
